topic,lo,er,ls_p_s,ls_p_i,ls_i_v,ls_i_a,ls_o_i,ls_o_d,ls_pr_a,ls_pr_r,ls_u_s,ls_u_g,ct_text,ct_video,ct_image,ct_website,ct_audio,d_shallow,d_general,d_deep,bt_remember,bt_understand,bt_apply,bt_analyze,bt_evaluate,bt_create,p_adaptive,p_adaptable,p_none
T3,0,0,0.8246445497630333,0.9263157894736842,0.9,0.8389513108614233,1.3963963963963963,0.8764705882352941,1.2115384615384615,0.852760736196319,0.9834254143646408,1.34375,0.6458333333333334,1.4761904761904763,0.8606557377049181,1.2897196261682242,1.7118644067796611,0.6425120772946861,1.3962264150943398,1.1076923076923075,2.2333333333333334,0.6,2.2045454545454546,1.5384615384615385,2.1707317073170733,2.0384615384615383,1.6735751295336787,1.8343558282208592,0.6016597510373444