topic,lo,er,ls_p_s,ls_p_i,ls_i_v,ls_i_a,ls_o_i,ls_o_d,ls_pr_a,ls_pr_r,ls_u_s,ls_u_g,ct_text,ct_video,ct_image,ct_website,ct_audio,d_shallow,d_general,d_deep,bt_remember,bt_understand,bt_apply,bt_analyze,bt_evaluate,bt_create,p_adaptive,p_adaptable,p_none
T7,0,0,0.7813620071684588,0.6397984886649873,0.7766666666666667,0.6914893617021277,0.8524590163934426,0.6543778801843317,1.1452991452991454,0.6468531468531469,0.7380952380952381,0.9539473684210525,0.6,1.2891566265060241,0.7972972972972973,0.9782608695652175,1.0103092783505154,0.7142857142857143,0.6164874551971326,0.8817204301075268,1.3269230769230769,0.5665024630541872,1.232558139534884,2.1999999999999997,1.3636363636363635,1.2318840579710146,1.1737451737451738,1.1153846153846154,0.6201117318435755