topic,lo,er,ls_p_s,ls_p_i,ls_i_v,ls_i_a,ls_o_i,ls_o_d,ls_pr_a,ls_pr_r,ls_u_s,ls_u_g,ct_text,ct_video,ct_image,ct_website,ct_audio,d_shallow,d_general,d_deep,bt_remember,bt_understand,bt_apply,bt_analyze,bt_evaluate,bt_create,p_adaptive,p_adaptable,p_none
T8,0,0,1.0588235294117647,0.8297872340425532,1.320754716981132,0.6494464944649446,1.5789473684210527,0.8039215686274509,1.876923076923077,0.5879120879120879,0.79,2.2571428571428576,0.5212121212121212,1.8510638297872342,1.1320754716981132,1.2580645161290323,2.5853658536585367,0.761904761904762,0.7991266375545851,1.8396226415094339,1.3559322033898307,0.9078014184397164,1.3584905660377358,1.7021276595744683,1.8510638297872342,2.3333333333333335,2.3292682926829267,2.366013071895425,0.5763688760806917