topic,lo,er,ls_p_s,ls_p_i,ls_i_v,ls_i_a,ls_o_i,ls_o_d,ls_pr_a,ls_pr_r,ls_u_s,ls_u_g,ct_text,ct_video,ct_image,ct_website,ct_audio,d_shallow,d_general,d_deep,bt_remember,bt_understand,bt_apply,bt_analyze,bt_evaluate,bt_create,p_adaptive,p_adaptable,p_none
T2,0,0,0.7297297297297298,1.1785714285714286,1.065891472868217,0.7427745664739884,1.0555555555555554,1.0844155844155843,0.8768115942028986,0.8872549019607843,0.9720670391061452,1.012987012987013,0.8088235294117646,1.2816901408450705,0.8880000000000001,1.6619718309859155,1.3225806451612903,0.7984496124031008,0.8971428571428571,1.152046783625731,1.696969696969697,1.1168831168831168,1.2911392405063291,0.9552238805970149,1.313253012048193,1.5476190476190477,1.3476394849785407,0.9766081871345029,0.9302325581395349