topic,lo,er,ls_p_s,ls_p_i,ls_i_v,ls_i_a,ls_o_i,ls_o_d,ls_pr_a,ls_pr_r,ls_u_s,ls_u_g,ct_text,ct_video,ct_image,ct_website,ct_audio,d_shallow,d_general,d_deep,bt_remember,bt_understand,bt_apply,bt_analyze,bt_evaluate,bt_create,p_adaptive,p_adaptable,p_none
T1,0,0,1.7027777777777777,1.6,1.7897435897435898,1.495798319327731,1.8,1.639344262295082,2.3333333333333335,1.5478260869565217,1.4634920634920636,2.2529411764705882,1.1913043478260872,1.8719999999999999,1.657142857142857,2.0114285714285716,2.5904761904761906,1.3746478873239436,1.6421052631578945,1.9478260869565216,2.2705882352941176,0.7238095238095238,1.523076923076923,1.92,2.2444444444444445,2.3238095238095235,2.0205128205128204,2.7174603174603176,0.6346666666666666