topic,lo,er,ls_p_s,ls_p_i,ls_i_v,ls_i_a,ls_o_i,ls_o_d,ls_pr_a,ls_pr_r,ls_u_s,ls_u_g,ct_text,ct_video,ct_image,ct_website,ct_audio,d_shallow,d_general,d_deep,bt_remember,bt_understand,bt_apply,bt_analyze,bt_evaluate,bt_create,p_adaptive,p_adaptable,p_none
T5,0,0,1.0436681222707425,0.9871794871794871,1.0982142857142856,0.871069182389937,1.6740740740740738,0.9361702127659575,1.9204545454545454,0.9433962264150942,0.922018348623853,2.154929577464789,0.7076023391812866,1.323076923076923,1.090909090909091,1.4787234042553192,2.0,1.0786026200873362,0.9056603773584906,2.148936170212766,1.8333333333333335,0.7021276595744682,1.3584905660377358,1.641509433962264,2.2264150943396226,1.319148936170213,1.713450292397661,1.9371069182389937,0.5544871794871795